﻿Country Name,2012
Afghanistan,0.599018913
Albania,0.395824392
Algeria,0.758092907
Andorra,0.154922913
Angola,0.354871684
Antigua and Barbuda,0.448925532
Argentina,0.432793453
Armenia,0.547919237
Aruba,0.553281189
Australia,0.318676195
Austria,0.153347187
Azerbaijan,0.657186374
"Bahamas, The",0.188057189
Bahrain,0.980577178
Bangladesh,0.51635604
Barbados,0.321589673
Belarus,1.005714582
Belgium,0.192759282
Belize,0.324544588
Benin,0.727314501
Bermuda,0.090215283
Bhutan,0.45497379
Bolivia,0.864810443
Bosnia and Herzegovina,1.294185244
Botswana,0.298759641
Brazil,0.200799661
Brunei Darussalam,0.673576944
Bulgaria,0.866516506
Burkina Faso,0.257947913
Burundi,0.127874753
Cabo Verde,0.289320166
Cambodia,0.422415491
Cameroon,0.215302675
Canada,0.305610388
Central African Republic,0.137344323
Chad,0.052728513
Chile,0.331556827
China,1.391429391
Colombia,0.250508643
Comoros,0.146754931
"Congo, Dem. Rep.",0.097314401
"Congo, Rep.",0.230422568
Costa Rica,0.190647441
Cote d'Ivoire,0.35291567
Croatia,0.308811231
Cuba,0.530743757
Cyprus,0.277598911
Czech Republic,0.482293009
Denmark,0.111387373
Dominica,0.278314192
Dominican Republic,0.386851976
Ecuador,0.481200098
Egypt,0.953266895
El Salvador,0.338391168
Equatorial Guinea,0.272025198
Estonia,0.805649359
Eswatini,0.253846267
Ethiopia,0.236807299
Fiji,0.323988901
Finland,0.196108742
France,0.123007139
Gabon,0.315395829
"Gambia, The",0.472701497
Georgia,0.636057543
Germany,0.207850284
Ghana,0.296162809
Greece,0.3174262
Greenland,0.225062596
Grenada,0.353359767
Guatemala,0.270034671
Guinea,0.33673959
Guinea-Bissau,0.280520528
Guyana,0.792385339
Haiti,0.321819937
Honduras,0.524593295
"Hong Kong SAR, China",0.178173749
Hungary,0.340534977
Iceland,0.127496768
India,1.085415705
Indonesia,0.749483738
"Iran, Islamic Rep.",1.322044443
Iraq,0.899796046
Ireland,0.154197342
Israel,0.301470964
Italy,0.177880494
Jamaica,0.559164789
Japan,0.212881928
Jordan,0.878414841
Kazakhstan,1.458107656
Kenya,0.282005862
Kiribati,0.375341352
"Korea, Rep.",0.503068008
Kuwait,0.758505347
Kyrgyz Republic,1.996262618
Lao PDR,0.204093416
Latvia,0.268612851
Lebanon,0.567838545
Lesotho,0.898927843
Liberia,0.439788872
Libya,0.832603036
Lithuania,0.338435503
Luxembourg,0.196126123
"Macao SAR, China",0.035120455
Madagascar,0.296573373
Malawi,0.14746721
Malaysia,0.772232735
Maldives,0.385714031
Mali,0.090898662
Malta,0.294667545
Marshall Islands,0.594421243
Mauritania,0.55252488
Mauritius,0.36821212
Mexico,0.43671783
"Micronesia, Fed. Sts.",0.451731137
Moldova,0.799043463
Mongolia,2.768984738
Montenegro,0.56200765
Morocco,0.620736453
Mozambique,0.267636181
Myanmar,0.197174192
Namibia,0.271711381
Nauru,0.666163128
Nepal,0.337697774
Netherlands,0.200169715
New Zealand,0.221330046
Nicaragua,0.465918949
Niger,0.285295744
Nigeria,0.246977977
Macedonia,0.935557504
Norway,0.112087465
Oman,0.933053402
Pakistan,0.866550916
Palau,1.267362002
Panama,0.281122888
Papua New Guinea,0.336828201
Paraguay,0.187250845
Peru,0.330768005
Philippines,0.413211535
Poland,0.586495099
Portugal,0.204936353
Qatar,0.63380607
Romania,0.472157578
Russia,1.100124202
Rwanda,0.108851663
Samoa,0.28994908
Sao Tome and Principe,0.534660483
Saudi Arabia,0.922263755
Senegal,0.45759471
Serbia,1.112493233
Seychelles,0.415276276
Sierra Leone,0.32640095
Singapore,0.138985671
Slovak Republic,0.350240042
Slovenia,0.314267696
Solomon Islands,0.24563205
South Africa,1.182996641
Spain,0.192451686
Sri Lanka,0.238869354
St. Kitts and Nevis,0.28376992
St. Lucia,0.286313432
St. Vincent and the Grenadines,0.367901199
Sudan,0.226387448
Suriname,0.475710124
Sweden,0.093999432
Switzerland,0.062994314
Tajikistan,0.450396066
Tanzania,0.264985074
Thailand,0.804043066
Timor-Leste,0.062495551
Togo,0.64016093
Tonga,0.277544097
Trinidad and Tobago,2.029657145
Tunisia,0.600970337
Turkey,0.366679761
Turkmenistan,2.254245156
Tuvalu,0.334346501
Uganda,0.177514836
Ukraine,2.057114524
United Arab Emirates,0.544794289
United Kingdom,0.185256265
United States,0.328863883
Uruguay,0.19821877
Uzbekistan,2.512777474
Vanuatu,0.157485651
Venezuela,0.459406435
Vietnam,1.097136283
West Bank and Gaza,0.206607238
"Yemen, Rep.",0.675850001
Zambia,0.159305702
Zimbabwe,0.485734019
